{
    "position": [
        284,
        386,
        469,
        201
    ],
    "encoding": [
        -0.02348698116838932,
        0.23460783064365387,
        0.07881458103656769,
        -0.024648714810609818,
        -0.14259785413742065,
        -0.02082649990916252,
        -0.11335116624832153,
        -0.04525483027100563,
        0.14134418964385986,
        -0.05922824889421463,
        0.28641477227211,
        -0.012425586581230164,
        -0.2540271580219269,
        -0.06546895205974579,
        0.01178752351552248,
        0.1297755390405655,
        -0.16659177839756012,
        -0.07960771024227142,
        -0.06195510923862457,
        -0.05551612749695778,
        0.08383128046989441,
        0.05152727663516998,
        -0.006008402910083532,
        0.02836066484451294,
        -0.11838036775588989,
        -0.3775840699672699,
        -0.06502097845077515,
        -0.07148054242134094,
        0.1066642627120018,
        -0.128856360912323,
        -0.03107702173292637,
        -0.0074036605656147,
        -0.1266157627105713,
        -0.06178312376141548,
        0.030721813440322876,
        0.0715339258313179,
        -0.08085552603006363,
        -0.06112261116504669,
        0.17712290585041046,
        0.019858095794916153,
        -0.18957220017910004,
        0.0867755338549614,
        0.04314247518777847,
        0.21108844876289368,
        0.2801475524902344,
        0.08313192427158356,
        0.07052145153284073,
        -0.1219240352511406,
        0.1415444314479828,
        -0.25910335779190063,
        0.0495990589261055,
        0.21098795533180237,
        0.1656448245048523,
        0.061514388769865036,
        0.10364393144845963,
        -0.20104508101940155,
        -0.03396669030189514,
        0.1123538538813591,
        -0.2494036853313446,
        0.06705325096845627,
        0.06640847772359848,
        -0.03406289219856262,
        -0.011364048346877098,
        -0.037952639162540436,
        0.13316112756729126,
        0.08007624745368958,
        -0.1492399275302887,
        -0.09751150012016296,
        0.15285815298557281,
        -0.2406531125307083,
        -0.05738981068134308,
        0.08824335038661957,
        -0.09711799770593643,
        -0.2270842045545578,
        -0.33178219199180603,
        0.059754833579063416,
        0.39013251662254333,
        0.17354680597782135,
        -0.15763844549655914,
        -0.013999436050653458,
        0.03965513035655022,
        -0.04332522302865982,
        0.02507687732577324,
        0.09412823617458344,
        -0.128339484333992,
        -0.12143680453300476,
        -0.08054065704345703,
        0.043389856815338135,
        0.1763523519039154,
        -0.022168084979057312,
        0.02150656096637249,
        0.2674260437488556,
        0.008704805746674538,
        0.12646882236003876,
        -0.0021308017894625664,
        0.10366871953010559,
        -0.10910481214523315,
        -0.027376703917980194,
        -0.06145377457141876,
        0.04931589215993881,
        -0.024551015347242355,
        -0.1640295386314392,
        -0.01604849100112915,
        0.09255675971508026,
        -0.17419706284999847,
        0.11746630817651749,
        -0.04510064050555229,
        -0.006805457174777985,
        -0.050666600465774536,
        0.01603033021092415,
        -0.10168274492025375,
        -0.018178343772888184,
        0.2056460678577423,
        -0.24363186955451965,
        0.22651734948158264,
        0.2470274716615677,
        0.00029035843908786774,
        0.12059168517589569,
        0.1257987767457962,
        0.056384406983852386,
        0.044144075363874435,
        -0.1070125624537468,
        -0.14567045867443085,
        -0.1026192158460617,
        -0.05737795680761337,
        -0.11516508460044861,
        0.0022643180564045906,
        0.006055156234651804
    ]
}