{
    "position": [
        167,
        408,
        322,
        253
    ],
    "encoding": [
        -0.159589022397995,
        0.13396470248699188,
        0.10827825218439102,
        0.019713180139660835,
        -0.09503147006034851,
        0.01354693528264761,
        -0.046554408967494965,
        -0.0931708961725235,
        0.13316050171852112,
        -0.13306400179862976,
        0.1870701014995575,
        0.01772753894329071,
        -0.15114539861679077,
        0.117594875395298,
        -0.047695063054561615,
        0.1228153258562088,
        -0.06468196213245392,
        -0.1143648624420166,
        -0.15556688606739044,
        -0.05432058870792389,
        -0.012470589950680733,
        0.12422032654285431,
        -0.003239845857024193,
        0.06971680372953415,
        -0.12061502039432526,
        -0.3318460285663605,
        -0.08089885115623474,
        -0.05628727376461029,
        0.14037442207336426,
        -0.041534990072250366,
        -0.08892171829938889,
        -0.045990366488695145,
        -0.1489647775888443,
        0.003990430384874344,
        0.021410183981060982,
        0.04294009879231453,
        -0.039108626544475555,
        -0.08960090577602386,
        0.22356228530406952,
        0.025070926174521446,
        -0.16868318617343903,
        0.03637925907969475,
        0.05956169217824936,
        0.30577221512794495,
        0.11678044497966766,
        0.018662478774785995,
        0.1310931295156479,
        -0.10728559643030167,
        0.0763932541012764,
        -0.185955211520195,
        0.01836603693664074,
        0.1199539452791214,
        0.08510209619998932,
        0.11022285372018814,
        0.002774849534034729,
        -0.15891927480697632,
        0.029072800651192665,
        0.16490541398525238,
        -0.16974996030330658,
        0.19615471363067627,
        0.10202836245298386,
        -0.022042499855160713,
        -0.02093159593641758,
        -0.006507478188723326,
        0.23601755499839783,
        0.098953478038311,
        -0.12331812083721161,
        -0.1467229425907135,
        0.1174849420785904,
        -0.22597216069698334,
        -0.008203145116567612,
        0.05426451191306114,
        -0.09858163446187973,
        -0.20612406730651855,
        -0.19616356492042542,
        0.06549563258886337,
        0.4862053692340851,
        0.20601892471313477,
        -0.15130583941936493,
        0.025163963437080383,
        -0.03458600118756294,
        -0.0655151903629303,
        0.09190396964550018,
        0.13209684193134308,
        -0.13388094305992126,
        -0.03178774192929268,
        -0.06202511489391327,
        0.07857011258602142,
        0.3183780312538147,
        0.07870686054229736,
        0.027966829016804695,
        0.21334384381771088,
        0.08513964712619781,
        -0.03704874590039253,
        -0.0077887168154120445,
        0.09211315214633942,
        -0.15201003849506378,
        -0.04388286545872688,
        -0.028322478756308556,
        0.026352498680353165,
        -0.04336031526327133,
        -0.08109645545482635,
        0.03931282460689545,
        0.11752265691757202,
        -0.19973263144493103,
        0.25600025057792664,
        -0.05784979090094566,
        -0.018023960292339325,
        0.040419839322566986,
        0.12016752362251282,
        -0.05617856979370117,
        -0.07920248061418533,
        0.15737119317054749,
        -0.1593775600194931,
        0.11474883556365967,
        0.20165443420410156,
        0.07128904014825821,
        0.1472889631986618,
        0.047672104090452194,
        0.13112901151180267,
        0.036641985177993774,
        0.11126558482646942,
        -0.1633068025112152,
        -0.08866187185049057,
        0.013987766578793526,
        -0.12908464670181274,
        0.08097319304943085,
        0.04587490111589432
    ]
}