{
    "position": [
        305,
        425,
        460,
        270
    ],
    "encoding": [
        -0.037411849945783615,
        0.10858277231454849,
        0.10733544826507568,
        0.06760799139738083,
        -0.19502294063568115,
        0.02399766817688942,
        -0.09620272368192673,
        -0.04602610319852829,
        0.07708196341991425,
        -0.07910829037427902,
        0.24973800778388977,
        -0.03437832370400429,
        -0.2715332806110382,
        -0.03791516646742821,
        0.07199254631996155,
        0.11118172854185104,
        -0.09093061834573746,
        -0.07822000235319138,
        -0.09156377613544464,
        -0.014602569863200188,
        -0.0008581094443798065,
        0.02566136233508587,
        0.06711631268262863,
        0.015317913144826889,
        -0.11083031445741653,
        -0.42036381363868713,
        -0.06386081874370575,
        -0.0812106803059578,
        0.1109514832496643,
        -0.14436471462249756,
        -0.07321979850530624,
        -0.013857817277312279,
        -0.1068948283791542,
        -0.00685390830039978,
        0.021512724459171295,
        0.04350511357188225,
        -0.1258840262889862,
        -0.1143626719713211,
        0.18800225853919983,
        -0.05713764205574989,
        -0.21535640954971313,
        0.0348183810710907,
        0.031590186059474945,
        0.15581710636615753,
        0.1742817759513855,
        0.1041865348815918,
        0.09166140109300613,
        -0.09317251294851303,
        0.10379000753164291,
        -0.2630375623703003,
        0.11935940384864807,
        0.14506478607654572,
        0.11072155088186264,
        0.02697974629700184,
        0.1121365949511528,
        -0.22394821047782898,
        -0.03425683453679085,
        0.15598174929618835,
        -0.19967690110206604,
        0.13584041595458984,
        0.04596268758177757,
        -0.0014443695545196533,
        -0.038274653255939484,
        -0.053106628358364105,
        0.17390446364879608,
        0.0829949676990509,
        -0.14347077906131744,
        -0.09516323357820511,
        0.08672801405191422,
        -0.19862854480743408,
        -0.00048222020268440247,
        0.13337551057338715,
        -0.09243340790271759,
        -0.28286874294281006,
        -0.2502603530883789,
        0.08772236108779907,
        0.4141025245189667,
        0.14502744376659393,
        -0.15333044528961182,
        -0.04399653524160385,
        0.0569053590297699,
        -0.07033348083496094,
        0.004793117754161358,
        0.10289859026670456,
        -0.12370119988918304,
        -0.1260354220867157,
        -0.10679235309362411,
        0.043264634907245636,
        0.18033155798912048,
        -0.03508204221725464,
        0.041725944727659225,
        0.26496657729148865,
        0.012898918241262436,
        0.05509364232420921,
        -0.026677727699279785,
        0.09351257234811783,
        -0.10647718608379364,
        -0.013383086770772934,
        -0.021726341918110847,
        0.005892889574170113,
        0.08653003722429276,
        -0.17204782366752625,
        -0.02507464587688446,
        0.04068589583039284,
        -0.19855767488479614,
        0.1453617513179779,
        -0.06272964179515839,
        -0.013934318907558918,
        0.06321869790554047,
        -0.023213718086481094,
        -0.12905584275722504,
        -0.01304660551249981,
        0.1971619725227356,
        -0.3093727231025696,
        0.1919723004102707,
        0.22281697392463684,
        0.07784409821033478,
        0.15403644740581512,
        0.08223781734704971,
        0.07111522555351257,
        0.06723339110612869,
        -0.0564349964261055,
        -0.1787019670009613,
        -0.08333388715982437,
        0.017669495195150375,
        -0.11419975757598877,
        -0.025536837056279182,
        0.03089722990989685
    ]
}