{
    "position": [
        266,
        291,
        480,
        68
    ],
    "encoding": [
        -0.06553224474191666,
        0.12891057133674622,
        0.08231718838214874,
        -0.038692109286785126,
        -0.16141027212142944,
        -0.013189157471060753,
        -0.08872415125370026,
        -0.02800733968615532,
        0.09777268022298813,
        -0.10189882665872574,
        0.28658679127693176,
        0.02537650056183338,
        -0.2600805163383484,
        -0.06464700400829315,
        -0.0013278685510158539,
        0.1414697766304016,
        -0.11488288640975952,
        -0.06979700177907944,
        -0.0873238816857338,
        -0.10045307874679565,
        0.06629373878240585,
        0.06949339807033539,
        0.004745453130453825,
        -0.02226957678794861,
        -0.13415484130382538,
        -0.367910236120224,
        -0.12652334570884705,
        -0.025323536247015,
        0.08598551154136658,
        -0.16303743422031403,
        0.06356300413608551,
        -0.02066783607006073,
        -0.08195175975561142,
        0.0058588553220033646,
        0.017597761005163193,
        0.041287004947662354,
        -0.07698286324739456,
        -0.09407589584589005,
        0.24220789968967438,
        0.017455900087952614,
        -0.1788971871137619,
        0.05815969407558441,
        0.06284470856189728,
        0.2772446870803833,
        0.25151994824409485,
        0.029860157519578934,
        0.07270781695842743,
        -0.08837197721004486,
        0.13774731755256653,
        -0.2509699761867523,
        0.10898751020431519,
        0.16081178188323975,
        0.13047946989536285,
        0.03171047568321228,
        0.11825083941221237,
        -0.15245626866817474,
        -0.05748501792550087,
        0.26859211921691895,
        -0.2086963653564453,
        0.08815906941890717,
        0.03803130239248276,
        -0.059589385986328125,
        -0.060501471161842346,
        -0.0982988029718399,
        0.14649218320846558,
        0.09932444244623184,
        -0.188725084066391,
        -0.10084144026041031,
        0.1843309849500656,
        -0.19946826994419098,
        -0.06544426828622818,
        0.023529211059212685,
        -0.14499904215335846,
        -0.19917330145835876,
        -0.36074671149253845,
        0.0659695416688919,
        0.3789602816104889,
        0.16307620704174042,
        -0.16773031651973724,
        -0.006577041931450367,
        0.06114783510565758,
        -0.011607213877141476,
        0.024937476962804794,
        0.12362752109766006,
        -0.13592849671840668,
        -0.13293181359767914,
        -0.0494280681014061,
        0.04933183640241623,
        0.1621003895998001,
        0.019329983741044998,
        -0.003812977345660329,
        0.251745343208313,
        0.014375846832990646,
        0.08042200654745102,
        -0.001864967867732048,
        0.057383324950933456,
        -0.11623665690422058,
        -0.08388648182153702,
        -0.06549142301082611,
        0.026957787573337555,
        -0.02173466607928276,
        -0.18224069476127625,
        0.01088342722505331,
        0.14243166148662567,
        -0.1827545166015625,
        0.20566760003566742,
        -0.02482607401907444,
        0.020268931984901428,
        -0.009320711717009544,
        0.0208444744348526,
        -0.07585308700799942,
        0.012382191605865955,
        0.20362935960292816,
        -0.22150418162345886,
        0.19008998572826385,
        0.2324259877204895,
        0.028314437717199326,
        0.1460217386484146,
        0.15065330266952515,
        0.08091311156749725,
        0.007359600160270929,
        -0.0453738272190094,
        -0.20533964037895203,
        -0.04617294669151306,
        -0.06321731209754944,
        -0.11831065267324448,
        0.04653817415237427,
        0.04863769933581352
    ]
}