{
    "position": [
        242,
        469,
        428,
        283
    ],
    "encoding": [
        -0.04743010178208351,
        0.20970481634140015,
        0.09326886385679245,
        -0.022597579285502434,
        -0.09665342420339584,
        0.0007213703356683254,
        -0.1494976431131363,
        -0.042687561362981796,
        0.11519492417573929,
        -0.022763075307011604,
        0.2615720331668854,
        -0.06276080757379532,
        -0.254225492477417,
        -0.10050337016582489,
        0.00483518373221159,
        0.13357485830783844,
        -0.21501688659191132,
        -0.07433506846427917,
        -0.050322823226451874,
        -0.0216207392513752,
        0.028527572751045227,
        0.05123508721590042,
        0.024192506447434425,
        0.0019905399531126022,
        -0.1288238912820816,
        -0.44906285405158997,
        -0.04468446224927902,
        -0.10370251536369324,
        0.09497683495283127,
        -0.10204900056123734,
        -0.04544142633676529,
        -0.012270404025912285,
        -0.10397294163703918,
        -0.03787091746926308,
        0.056282639503479004,
        0.08085962384939194,
        -0.10490300506353378,
        -0.0487210713326931,
        0.19569633901119232,
        -0.009498238563537598,
        -0.19508031010627747,
        0.04458888620138168,
        0.03720849007368088,
        0.2453656643629074,
        0.2975689172744751,
        0.11621185392141342,
        0.058380573987960815,
        -0.07471971958875656,
        0.1083490401506424,
        -0.24699848890304565,
        0.03882711008191109,
        0.24959848821163177,
        0.12417160719633102,
        0.07368459552526474,
        0.1238478422164917,
        -0.11132591217756271,
        -0.024721665307879448,
        0.0954313576221466,
        -0.24851876497268677,
        0.005601069424301386,
        0.049838680773973465,
        -0.011546019464731216,
        0.04907933622598648,
        -0.03137795627117157,
        0.17140527069568634,
        0.0363900400698185,
        -0.15765686333179474,
        -0.0883195623755455,
        0.1179121881723404,
        -0.2473479062318802,
        -0.05562184005975723,
        0.07928656041622162,
        -0.08043479174375534,
        -0.21718008816242218,
        -0.3434683680534363,
        -0.003883061930537224,
        0.34994998574256897,
        0.18211093544960022,
        -0.1312716007232666,
        -0.0035721315070986748,
        0.009535075165331364,
        -0.12477222084999084,
        0.00784267671406269,
        0.08621976524591446,
        -0.12107811123132706,
        -0.06096043810248375,
        -0.06256397813558578,
        0.020092271268367767,
        0.18651175498962402,
        -0.02251705713570118,
        0.03423605114221573,
        0.24723751842975616,
        0.0027142763137817383,
        0.05068221688270569,
        -0.010476535186171532,
        0.08197367191314697,
        -0.10321901738643646,
        -0.03235049918293953,
        -0.04607156664133072,
        -0.0014664456248283386,
        0.007350550498813391,
        -0.11776077002286911,
        0.025209559127688408,
        0.11036129295825958,
        -0.2234426885843277,
        0.1592155545949936,
        -0.036647979170084,
        -0.0051879482343792915,
        -0.014002470299601555,
        0.004588753916323185,
        -0.07199641317129135,
        -0.02832622267305851,
        0.22104406356811523,
        -0.2770003080368042,
        0.17236998677253723,
        0.24631109833717346,
        0.04092342033982277,
        0.10293599963188171,
        0.08059664070606232,
        0.004016747698187828,
        -0.0053916145116090775,
        -0.08216939866542816,
        -0.1337546855211258,
        -0.1304626315832138,
        -0.08028391748666763,
        -0.07217709720134735,
        0.046828143298625946,
        0.024879105389118195
    ]
}