{
    "position": [
        167,
        761,
        390,
        538
    ],
    "encoding": [
        -0.09780868142843246,
        0.1748611032962799,
        0.04710414260625839,
        0.016894545406103134,
        -0.07088551670312881,
        0.0244000144302845,
        -0.05534110963344574,
        -0.1271296739578247,
        0.12822440266609192,
        -0.09631061553955078,
        0.2162010818719864,
        0.009843271225690842,
        -0.1895279437303543,
        0.05953463166952133,
        -0.04122370854020119,
        0.11317810416221619,
        -0.1339968889951706,
        -0.0789923220872879,
        -0.19184428453445435,
        -0.08814429491758347,
        0.02788473479449749,
        0.08142109215259552,
        0.035708408802747726,
        0.05523020774126053,
        -0.16106832027435303,
        -0.28491467237472534,
        -0.06556230783462524,
        -0.002155810594558716,
        0.15016338229179382,
        -0.1053963452577591,
        -0.047223303467035294,
        -0.03741762042045593,
        -0.21184220910072327,
        -0.003215484321117401,
        -0.0307871475815773,
        0.028307761996984482,
        -0.01910148561000824,
        -0.11541358381509781,
        0.2416335940361023,
        0.04696276783943176,
        -0.18434566259384155,
        0.10127191245555878,
        0.09587159007787704,
        0.298308789730072,
        0.18544630706310272,
        -0.038992661982774734,
        0.08248735219240189,
        -0.08677351474761963,
        0.10791299492120743,
        -0.21083389222621918,
        0.018728449940681458,
        0.15115319192409515,
        0.11992593109607697,
        0.11100762337446213,
        0.01864039897918701,
        -0.12313424050807953,
        0.02190205454826355,
        0.1789340078830719,
        -0.14687427878379822,
        0.12736263871192932,
        0.11174746602773666,
        -0.014558963477611542,
        -0.005699215456843376,
        -0.026200421154499054,
        0.1915551871061325,
        0.10019771754741669,
        -0.10658610612154007,
        -0.167183980345726,
        0.08289459347724915,
        -0.1901923269033432,
        -0.06022624671459198,
        0.10632898658514023,
        -0.0872051939368248,
        -0.17362770438194275,
        -0.2939288318157196,
        0.05903033912181854,
        0.5031033158302307,
        0.18984802067279816,
        -0.1755291223526001,
        0.044876232743263245,
        -0.07297451794147491,
        -0.09269212186336517,
        0.08150631934404373,
        0.11440955102443695,
        -0.11005234718322754,
        -0.024766311049461365,
        -0.08098971098661423,
        0.10259711742401123,
        0.3205868601799011,
        0.08585736900568008,
        -0.036821819841861725,
        0.22833934426307678,
        0.12017364054918289,
        -0.04080286622047424,
        -0.0033521270379424095,
        0.09418758749961853,
        -0.15449562668800354,
        -0.06879695504903793,
        -0.05692232400178909,
        0.00026303529739379883,
        -0.04582126438617706,
        -0.08323097974061966,
        0.0011263787746429443,
        0.12098845839500427,
        -0.2186606526374817,
        0.28784191608428955,
        0.004379734396934509,
        -0.029202226549386978,
        0.03977043181657791,
        0.10721267759799957,
        -0.03566084802150726,
        -0.010150641202926636,
        0.13069619238376617,
        -0.2603819966316223,
        0.13123410940170288,
        0.18324530124664307,
        0.06807706505060196,
        0.10539202392101288,
        0.041673287749290466,
        0.12995868921279907,
        0.007584318518638611,
        0.12245183438062668,
        -0.12401199340820312,
        -0.13452573120594025,
        -0.017301052808761597,
        -0.11609858274459839,
        0.11321382224559784,
        0.05371564254164696
    ]
}