{
    "position": [
        242,
        761,
        464,
        538
    ],
    "encoding": [
        -0.130594402551651,
        0.11355125159025192,
        0.06434948742389679,
        0.05739094316959381,
        -0.1894630640745163,
        0.01515612006187439,
        -0.079038605093956,
        -0.02121814340353012,
        0.07943685352802277,
        -0.021246183663606644,
        0.23238591849803925,
        -0.05421627312898636,
        -0.2508573532104492,
        -0.04257729649543762,
        0.009887173771858215,
        0.13687844574451447,
        -0.14586985111236572,
        -0.13385044038295746,
        -0.08283787220716476,
        -0.08769415318965912,
        -0.01793067716062069,
        0.06505516916513443,
        -0.04909420758485794,
        0.07425917685031891,
        -0.20554852485656738,
        -0.4098842740058899,
        -0.07211364805698395,
        -0.11373303830623627,
        0.023197393864393234,
        -0.10919912159442902,
        0.018404405564069748,
        0.06355246156454086,
        -0.1352282464504242,
        -0.01716078817844391,
        0.040858641266822815,
        0.105132095515728,
        -0.07779305428266525,
        -0.05425340309739113,
        0.19356021285057068,
        0.03860491141676903,
        -0.21000325679779053,
        0.06509706377983093,
        0.04866251349449158,
        0.30464187264442444,
        0.21341882646083832,
        0.07182095944881439,
        0.03219171240925789,
        -0.054654449224472046,
        0.12209905683994293,
        -0.2632770538330078,
        0.0798969715833664,
        0.24786561727523804,
        0.10133107006549835,
        0.07817322760820389,
        0.06433470547199249,
        -0.12757202982902527,
        -0.03064441680908203,
        0.18645714223384857,
        -0.256717324256897,
        0.0885227769613266,
        -0.017185933887958527,
        -0.0788339301943779,
        0.016117049381136894,
        -0.06782184541225433,
        0.15909063816070557,
        0.12713035941123962,
        -0.1152142882347107,
        -0.090895876288414,
        0.1568179726600647,
        -0.21497587859630585,
        -0.07188547402620316,
        0.11763616651296616,
        -0.12617622315883636,
        -0.25660064816474915,
        -0.35765141248703003,
        0.1156027764081955,
        0.4311838448047638,
        0.11422156542539597,
        -0.15898355841636658,
        -0.03664811700582504,
        0.05913901329040527,
        -0.08201196044683456,
        0.05117381364107132,
        0.11595301330089569,
        -0.08553721010684967,
        -0.187635600566864,
        -0.06701084226369858,
        0.06152239441871643,
        0.2485390156507492,
        0.006845153868198395,
        -0.002601737156510353,
        0.2157822847366333,
        0.007883485406637192,
        -0.00995676964521408,
        0.029761798679828644,
        0.13002552092075348,
        -0.08417697995901108,
        -0.041049350053071976,
        -0.029852261766791344,
        0.008580192923545837,
        0.04935970902442932,
        -0.12966172397136688,
        -0.01988700032234192,
        0.06421346962451935,
        -0.17704692482948303,
        0.1290614902973175,
        -0.0026899874210357666,
        -0.04985376447439194,
        -0.023048371076583862,
        -0.01702401041984558,
        -0.11378028243780136,
        -0.0034876465797424316,
        0.2471878081560135,
        -0.2757996916770935,
        0.27040958404541016,
        0.19940808415412903,
        -0.02389596402645111,
        0.15540315210819244,
        0.05522025004029274,
        0.0455765575170517,
        -0.03993630409240723,
        -0.09953773766756058,
        -0.1236279308795929,
        -0.10439667850732803,
        0.03826873004436493,
        -0.06921926140785217,
        0.015364676713943481,
        0.004924781620502472
    ]
}